2019-11-21,
https://www.bing.com/news/search?q=student&qft=interval%3d"8"&form=PTFTNR
this high school student built a bluetooth speaker in the shape of a giant apple airpod — see the pictures,https://www.msn.com/en-us/news/photos/this-high-school-student-built-a-bluetooth-speaker-in-the-shape-of-a-giant-apple-airpod-e2-80-94-see-the-pictures/ss-BBX8pMO
why we’re impeaching our student body president over trump jr.,https://www.nytimes.com/2019/11/21/opinion/donald-trump-jr-university-of-florida.html
if you're a uw student the robots are coming for you. and they're bringing food.,https://www.msn.com/en-us/news/us/if-youre-a-uw-student-the-robots-are-coming-for-you-and-theyre-bringing-food/ar-BBX8tTW
i refinanced my student loans to get my cosigner off and it healed our damaged relationship,https://www.businessinsider.com/i-refinanced-my-student-loans-to-get-my-cosigner-off
fairfax high teacher accused of having sexual relationship with student,https://www.washingtonpost.com/local/public-safety/fairfax-high-teacher-accused-of-having-sexual-relationship-with-student/2019/11/21/d6b413f0-0c82-11ea-8397-a955cd542d00_story.html
alabama’s universities will pay if international student work program is eliminated,https://www.al.com/opinion/2019/11/alabamas-universities-will-pay-if-international-student-work-program-is-eliminated.html
disciplinary action promised against wake student who threatened middle school,https://www.newsobserver.com/news/local/education/article237616874.html
rowan u. student spied through dorm windows recorded people on campus cops say,https://www.nj.com/gloucester-county/2019/11/rowan-u-student-spied-through-dorm-windows-recorded-people-on-campus-cops-say.html
breaking: judge denies bond for roommate accused of killing clark atlanta student,https://www.ajc.com/news/crime--law/breaking-judge-denies-bond-for-roommate-accused-killing-clark-atlanta-student/CrcRHDmAZlzmCMoWlOsi8K/
colonial high freshmen campus locked down after report of student with weapon; no threat found,https://www.orlandosentinel.com/news/breaking-news/os-ne-colonial-high-school-freshman-center-lockdown-20191121-d2elbywtkfa35il5ljn2twmwxq-story.html
pataskala couple admit student financial aid other program fraud,https://www.dispatch.com/news/20191121/pataskala-couple-admit-student-financial-aid-other-program-fraud
arrest made at syracuse chancellor bows to student demands as racist hate incidents continue,https://www.msn.com/en-us/news/us/arrest-made-at-syracuse-chancellor-bows-to-student-demands-as-racist-hate-incidents-continue/ar-BBX6NrN
2019-11-21,
https://www.bing.com/news/search?q=student+debt&qft=interval%3d"8"&form=PTFTNR
uk's corbyn says labour will consider student debt relief,https://www.msn.com/en-us/news/world/uks-corbyn-says-labour-will-consider-student-debt-relief/ar-BBX6HXg
here's which dayton-area colleges have the highest student loan default rates (slideshow),https://www.bizjournals.com/dayton/news/2019/11/21/heres-which-dayton-area-colleges-have-the-highest.html
sen. patty murray urges devos to halt changes to a popular student loan repayment plan,https://www.washingtonpost.com/education/2019/11/20/sen-patty-murray-urges-devos-halt-changes-popular-student-loan-repayment-plan/
how to ace college and a career with no student debt: a millennial’s story,https://www.forbes.com/sites/markcperna/2019/11/21/how-to-ace-college-and-a-career-with-no-student-debt-a-millennials-story/
it's almost impossible to get rid of student loan debt when filing for bankruptcy but help may be on the way,https://www.businessinsider.com/loan-debt-student-borrowers-bankrupcy-relief-act-2019-11
student-loan debt and skyrocketing housing prices have become so bad that more millennials are planning to rent forever,https://www.msn.com/en-us/finance/realestate/more-millennials-plan-to-rent-forever-cant-afford-to-buy-a-home/ar-BBX3O0t
cancel student loan debt says former devos deputy,https://www.forbes.com/sites/zackfriedman/2019/11/19/cancel-student-loan-debt-devos/
pete buttigieg's plan to avoid student loan debt may threaten this company,https://finance.yahoo.com/news/refinancing-student-loan-debt-may-help-millions-211525977.html
'i can't afford that': woman in student loan limbo since 1997 decries a muddy system,https://www.msn.com/en-us/tv/news/i-cant-afford-that-woman-in-student-loan-limbo-since-1997-decries-a-muddy-system/ar-BBX0dCO
health care student debt top issues among ajc survey respondents,https://www.ajc.com/news/health-care-student-debt-top-issues-among-ajc-survey-respondents/cy7OxhfNSAYawA1RjAgLKP/
student loan borrowers need more protection — and california is leading the way,https://www.thenation.com/article/california-borrowers-rights/
big changes could be in store for student loan borrowers,https://www.msn.com/en-us/money/markets/big-changes-could-be-in-store-for-student-loan-borrowers/ar-BBWWGqE
2019-11-21,
https://www.bing.com/news/search?q=international+student&qft=interval%3d"8"&form=PTFTNR
alabama’s universities will pay if international student work program is eliminated,https://www.al.com/opinion/2019/11/alabamas-universities-will-pay-if-international-student-work-program-is-eliminated.html
new data shows slowdown in growth of international students in the u.s.,https://foreignpolicy.com/2019/11/20/new-data-shows-slowdown-in-growth-of-international-students-in-the-u-s-china-india-saudi-arabia/
venezuela students blocked in protest march to military base,https://www.wlns.com/news/international/venezuela-students-blocked-in-protest-march-to-military-base/
4 hidden costs for international students while studying in the u.s.,https://finance.yahoo.com/news/4-hidden-costs-international-students-150905735.html
where how international students are studying in the u.s.,https://wtop.com/news/2019/11/where-how-international-students-are-studying-in-the-u-s/
troubling trends taint record high for international students,https://universitybusiness.com/troubling-trends-overshadow-record-high-international-students/
finances and family: obstacles confront uga international students' future plans in the us,https://www.redandblack.com/uganews/finances-and-family-obstacles-confront-uga-international-students-future-plans/article_1356cb0c-074e-11ea-9347-9b26c3b97a6e.html
world education services’ new research highlights international students’ daily life challenges on and off campus,https://finance.yahoo.com/news/world-education-services-research-highlights-150910804.html
growth in international student enrollment stalls under trump administration,https://universitybusiness.com/growth-in-international-student-enrollment-stalls-under-trump-administration-2/
arkansas universities report drop in international students,https://www.chron.com/news/education/article/Arkansas-universities-report-drop-in-14846836.php
central bucks students inducted to international thespian society,https://patch.com/pennsylvania/doylestown/central-bucks-students-inducted-international-thespian-society
students part of taiwan ag youth exchange program,https://www.cjonline.com/news/20191121/students-part-of-taiwan-ag-youth-exchange-program
2019-11-21,
https://www.bing.com/news/search?q=foreign+student&qft=interval%3d"8"&form=PTFTNR
alabama’s universities will pay if international student work program is eliminated,https://www.al.com/opinion/2019/11/alabamas-universities-will-pay-if-international-student-work-program-is-eliminated.html
new data shows slowdown in growth of international students in the u.s.,https://foreignpolicy.com/2019/11/20/new-data-shows-slowdown-in-growth-of-international-students-in-the-u-s-china-india-saudi-arabia/
trump's rhetoric causing foreign students to decline enrollment education group says,https://www.washingtontimes.com/news/2019/nov/20/donald-trumps-rhetoric-causing-foreign-students-to/
students part of taiwan ag youth exchange program,https://www.cjonline.com/news/20191121/students-part-of-taiwan-ag-youth-exchange-program
4 hidden costs for international students while studying in the u.s.,https://finance.yahoo.com/news/4-hidden-costs-international-students-150905735.html
where how international students are studying in the u.s.,https://wtop.com/news/2019/11/where-how-international-students-are-studying-in-the-u-s/
growth in international student enrollment stalls under trump administration,https://universitybusiness.com/growth-in-international-student-enrollment-stalls-under-trump-administration-2/
troubling trends taint record high for international students,https://universitybusiness.com/troubling-trends-overshadow-record-high-international-students/
finances and family: obstacles confront uga international students' future plans in the us,https://www.redandblack.com/uganews/finances-and-family-obstacles-confront-uga-international-students-future-plans/article_1356cb0c-074e-11ea-9347-9b26c3b97a6e.html
world education services’ new research highlights international students’ daily life challenges on and off campus,https://finance.yahoo.com/news/world-education-services-research-highlights-150910804.html
the us economy is losing billions of dollars because foreign students aren't enrolling,https://www.wral.com/the-us-economy-is-losing-billions-of-dollars-because-foreign-students-arent-enrolling/18777572/
us economy losing billions because foreign students aren't enrolling,https://www.local10.com/education/us-economy-losing-billions-because-foreign-students-arent-enrolling
2019-11-21,
https://www.bing.com/news/search?q=student+affairs&qft=interval%3d"8"&form=PTFTNR
search committee for vice president for student affairs at virginia tech announced,https://augustafreepress.com/search-committee-for-vice-president-for-student-affairs-at-virginia-tech-announced/
letter to the editor | student affairs addresses lgbtq community,https://www.theplainsman.com/article/2019/11/student-affairs-addresses-lgbtq-community
byu dean of students office to start discussion series on careers in student affairs,https://universe.byu.edu/2019/11/20/byu-dean-of-students-office-to-start-discussion-series-on-student-affairs-careers/
student affairs connects students to campus resources,https://marshallparthenon.com/23637/news/student-affairs-connects-students-to-campus-resources/
division of student affairs appoints new assistant vice president,http://www.theshorthorn.com/news/division-of-student-affairs-appoints-new-assistant-vice-president/article_dc9c1234-0b08-11ea-b3fb-e731cb713590.html
japanese student found hanging in iit-guwahati,https://www.hindustantimes.com/india-news/japanese-student-found-hanging-in-iit-guwahati/story-akjr2YRr8evsPRbr09phKP.html
mead hall students faculty give thanks together at first one table,https://www.aikenstandard.com/education/mead-hall-students-faculty-give-thanks-together-at-first-one/article_6c30e06e-0bc2-11ea-a69c-8b01d02df1f4.html
lander's vp of student affairs talks tree lighting,https://www.foxcarolina.com/lander-s-vp-of-student-affairs-talks-tree-lighting/video_8ad5f843-aa09-51d4-b52a-2f69a0834945.html
japanese student commits suicide at iit guwahati,https://www.ndtv.com/india-news/japanese-student-commits-suicide-at-iit-guwahati-2136571
rolacc sussex varsity celebrate graduation of master's students,https://www.gulf-times.com/story/648242/ROLACC-Sussex-varsity-celebrate-graduation-of-mast
texas a&m appoints vicki dobiyanski as new associate vice president for student affairs,http://www.thebatt.com/news/texas-a-m-appoints-vicki-dobiyanski-as-new-associate-vice/article_f085fe72-0743-11ea-94d0-57408d156681.html
oklahoma student expelled after passing out cannabis gummies on school bus,https://6abc.com/student-expelled-after-passing-out-cannabis-gummies-on-school-bus/5711328/
2019-11-21,
https://www.bing.com/news/search?q=student+visa&qft=interval%3d"8"&form=PTFTNR
trump’s visa clampdown hasn’t stopped indian students from pursuing their us dreams,https://qz.com/india/1750800/donald-trumps-visa-clampdown-hasnt-stopped-indian-students/
one in five international students in the us is indian — despite sharp fall in student visas,https://www.msn.com/en-in/finance/news/one-in-five-international-students-in-the-us-is-indian-e2-80-94-despite-sharp-fall-in-student-visas/ar-BBWXKsz
us education 2018: foreign student enrollment at universities drops for third straight year amid us-china tensions,https://www.ibtimes.com/us-education-2018-foreign-student-enrollment-universities-drops-third-straight-year-2868614
where how international students are studying in the u.s.,https://finance.yahoo.com/news/where-international-students-studying-u-120000199.html
the decline of new international students to the us has nearly stopped,https://qz.com/1750481/the-trends-of-international-and-chinese-students-in-the-us/
us economy losing billions because foreign students aren't enrolling,https://www.local10.com/education/us-economy-losing-billions-because-foreign-students-arent-enrolling
the us economy is losing billions of dollars because foreign students aren't enrolling,https://www.wral.com/the-us-economy-is-losing-billions-of-dollars-because-foreign-students-arent-enrolling/18777572/
students increasingly overlooking uk say agents,https://thepienews.com/news/students-opting-for-ireland-and-malta-over-uk-say-agents/
alleged drug delivery lands cairns student in custody,https://www.cairnspost.com.au/news/cairns/alleged-drug-delivery-lands-cairns-student-in-custody/news-story/5942353f849dcd1d88333a0a1237a3e4
general usa student visa enquiries-part 15 - travel (302) - nairaland,https://www.nairaland.com/5233208/general-usa-student-visa-enquiries-part/301
first lady justice announces winners of “thank a veteran” student art contest,https://www.herald-dispatch.com/news/putnam_news/first-lady-justice-announces-winners-of-thank-a-veteran-student/article_9bc1f97c-cf20-5578-8124-160fba24ead9.html
canadian student visa thread part 16 - travel (409) - nairaland,https://www.nairaland.com/5233221/canadian-student-visa-thread-part/408
2019-11-21,
https://www.bing.com/news/search?q=visa&qft=interval%3d"8"&form=PTFTNR
h-1b visa: rule to ban h-1b spouses from working coming in march homeland security says,https://www.mercurynews.com/2019/11/20/h-1b-visa-rule-to-ban-h-1b-spouses-from-working-coming-in-march-homeland-security-says/
visa ceo says consumers still swiping despite recession fears,https://www.msn.com/en-us/news/money/visa-ceo-says-consumers-still-swiping-despite-recession-fears/ar-BBWZvxy
trump’s visa clampdown hasn’t stopped indian students from pursuing their us dreams,https://qz.com/india/1750800/donald-trumps-visa-clampdown-hasnt-stopped-indian-students/
u.s. rejected one-fourth of h-1b visa petitions: jaishankar,https://www.thehindu.com/news/national/us-rejected-one-fourth-of-h-1b-visa-petitions-jaishankar/article30040705.ece
visa issue keeps brouwer out of blues lineup for now,https://www.stltoday.com/sports/hockey/professional/morning-skate/visa-issue-keeps-brouwer-out-of-blues-lineup-for-now/article_83522782-8226-55f3-abee-9e0ee4a6d818.html
allan wernick: getting your green card through marriage with a visitor visa,https://www.msn.com/en-us/news/world/allan-wernick-getting-your-green-card-through-marriage-with-a-visitor-visa/ar-BBX7Uhu
visa: strong tailwinds emerge from some unexpected sources,https://seekingalpha.com/article/4308044-visa-strong-tailwinds-emerge-unexpected-sources
visa: still a buy,https://seekingalpha.com/article/4307852-visa-still-buy
uae's retirement visa move an initiative to tap 'silver economy',https://www.khaleejtimes.com/business/local/uaes-retirement-visa-move-an-initiative-to-tap-silver-economy
is the alaska airlines visa card worth its annual fee?,https://www.nerdwallet.com/blog/travel/is-the-alaska-airlines-visa-card-worth-its-annual-fee/
breaking out of a four-month stretch visa stock can reach $200,https://investorplace.com/2019/11/breaking-out-of-a-four-month-stretch-visa-stock-can-reach-200/
dow flat despite losses in shares of procter & gamble visa,https://www.marketwatch.com/story/dow-flat-despite-losses-in-shares-of-procter-gamble-visa-2019-11-21?mod=mw_latestnews
2019-11-21,
https://www.bing.com/news/search?q=immigration&qft=interval%3d"8"&form=PTFTNR
why family separation is so central to trump’s immigration vision,https://www.washingtonpost.com/outlook/2019/11/21/why-family-separation-is-so-central-trumps-immigration-vision/
michigan-born latino war veteran files $1m lawsuit for immigration detention,https://www.freep.com/story/news/local/michigan/2019/11/21/latino-war-veteran-jilmar-ramos-gomez-lawsuit-immigration-arrest/4258671002/
latino marine vet suing for $1m over wrongful immigration arrest,https://www.foxnews.com/us/latino-marine-vet-suing-for-1m-over-wrongful-immigration-arrest
how will this new immigration change impact south florida real estate?,https://www.miamiherald.com/news/business/real-estate-news/article237590409.html
latino war veteran files $1m claim for immigration arrest,https://www.msn.com/en-us/news/us/latino-war-veteran-files-dollar1m-claim-for-immigration-arrest/ar-BBX3Qun
house leaders slam google ceo for hiring ex-trump administration official who worked on immigration issues,https://www.cnbc.com/2019/11/20/house-leaders-slam-google-for-hiring-miles-taylor-who-worked-for-trump.html
why i quit my job carrying out trump’s immigration policies,https://www.nytimes.com/2019/11/20/opinion/trump-asylum-remain-mexico-policy.html
new immigration rules would shuffle central american migrants around region,https://www.sfchronicle.com/nation/article/New-immigration-rules-would-shuffle-Central-14844886.php
niles west students organize forum on immigration issues,https://www.chicagotribune.com/suburbs/skokie/ct-skr-niles-west-immigration-forum-tl-1121-20191119-fl4gl5n6zbbcrpwvpv75wk6rze-story.html
the best alternative for fixing our current illegal immigration policy,https://www.msn.com/en-us/news/politics/the-best-alternative-for-fixing-our-current-illegal-immigration-policy/ar-BBX039M
the trump administration keeps promoting stephen miller’s immigration hardliner allies,https://www.motherjones.com/politics/2019/11/kathy-nuebel-kovarik-stephen-miller-promotion/
report: illegal immigration drops to ‘normal’ levels ‘trump can take the credit’,https://www.washingtonexaminer.com/washington-secrets/report-illegal-immigration-drops-to-normal-levels-trump-can-take-the-credit
2019-11-21,
https://www.bing.com/news/search?q=accreditation&qft=interval%3d"8"&form=PTFTNR
kennesaw/acworth 911 center awarded accreditation,https://www.ajc.com/news/local/kennesaw-acworth-911-center-awarded-accreditation/r0oXMB8KrjA16KiZG6nuGN/
law schools with accreditation issues see bar exam improvement but will they hit 75% pass rate?,http://www.abajournal.com/web/article/law-schools-with-accreditation-issues-see-bar-pass-improvement-but-few-meet-75
nypd latent print unit gains coveted accreditation,https://www.newsday.com/news/new-york/ansi-national-accreditation-board-nypd-1.38588003
kcps: attendance data falsified for 3 years to improve accreditation scores,https://www.msn.com/en-us/news/us/kcps-attendance-data-falsified-for-3-years-to-improve-accreditation-scores/ar-BBX2Xsb
st. francis catholic school pursuing accreditation with montana,https://billingsgazette.com/news/local/st-francis-catholic-school-pursuing-accreditation-with-montana/article_494068a5-29e2-5b75-8386-944d44b0218e.html
greenwich police department receives state accreditation,https://www.greenwichtime.com/local/article/Greenwich-police-department-receives-state-14852807.php
prestigious accreditation program recognizes pioneering fort worth college with gold standard in sonography,https://finance.yahoo.com/news/prestigious-accreditation-program-recognizes-pioneering-175900756.html
kennesaw/acworth 911 awarded calea accreditation,https://patch.com/georgia/kennesaw/kennesaw-acworth-911-awarded-calea-accreditation
st. louis school earns stem accreditation,https://patch.com/maryland/columbia/st-louis-school-earns-stem-accreditation
football delhi launches academy accreditation and licensing system,https://timesofindia.indiatimes.com/sports/football/top-stories/football-delhi-launches-academy-accreditation-and-licensing-system/articleshow/72128628.cms
kansas city schools falsified records to gain state accreditation district says,https://www.edweek.org/ew/articles/2019/11/20/kansas-city-schools-falsified-records-to-gain.html
health dialog earns urac accreditation in health call center,https://finance.yahoo.com/news/health-dialog-earns-urac-accreditation-150000681.html
2019-11-21,
https://www.bing.com/news/search?q=education&qft=interval%3d"8"&form=PTFTNR
commentary: public education gave me skills and memories that i will cherish for a lifetime,https://www.latimes.com/socal/daily-pilot/opinion/story/2019-11-21/public-education-gave-me-skills-and-memories
legislature sends gov. charlie baker $1.5 billion education funding overhaul,https://www.msn.com/en-us/news/politics/legislature-sends-gov-charlie-baker-2415-billion-education-funding-overhaul/ar-BBX4hm2
education department releases wage debt data for specific college majors,https://thehill.com/homenews/administration/471328-education-department-releases-wage-debt-data-for-specific-college
lottery promises infrastructure education funding,https://www.djournal.com/monroe/news/lottery-promises-infrastructure-education-funding/article_ba9aa920-7cb5-52f5-a891-76d640f06df2.html
booker wants to invest $9b to help students studying early childhood education,https://www.politico.com/states/new-jersey/story/2019/11/20/booker-wants-to-invest-9b-to-help-students-studying-early-childhood-education-1228243
niles mayor leaves meeting after trustees reject motion to use future marijuana revenues for education services,https://www.chicagotribune.com/suburbs/niles/ct-nhs-mayor-marijuana-businesses-tl-1128-20191121-5pghtfvewvf3xhe2bvrlpdczia-story.html
fact-check: did austin school board mandate ’pornographic’ sex education curriculum?,https://www.statesman.com/news/20191119/fact-check-did-austin-school-board-mandate-rsquopornographicrsquo-sex-education-curriculum
ridgewood to launch new special education courses focused on life skills career training,https://www.chicagotribune.com/suburbs/norridge/ct-nhh-ridgewood-special-ed-curriculum-tl-1121-20191119-vagtcrekmfdjnowd4qfm6qigv4-story.html
election 2019 your questions answered: education and tuition fees,https://www.bbc.com/news/election-2019-50436962
jersey city board of education puts possible ‘lunch shaming’ policy on hold,https://www.msn.com/en-us/lifestyle/lifestyle-buzz/jersey-city-board-of-education-puts-possible-e2-80-98lunch-shaming-e2-80-99-policy-on-hold/ar-BBX35RG
bullock: u.s. can get affordable health care college education without 'pie in the sky' ideas,https://www.desmoinesregister.com/story/news/elections/presidential/candidates/2019/11/18/bullock-u-s-can-make-health-care-gains-without-pie-sky-ideas/4231767002/
education the basic architecture of life,https://www.timesunion.com/business/article/Education-the-basic-architecture-of-life-14844646.php
2019-11-21,
https://www.bing.com/news/search?q=borderless+education&qft=interval%3d"8"&form=PTFTNR
aristotleinsight::k12 announces seating chart feature for borderless classroom,https://markets.businessinsider.com/news/stocks/aristotleinsight-k12-announces-seating-chart-feature-for-borderless-classroom-1028707988
top global teachers share new strategies to move closed classrooms to borderless vehicles for lifelong learning,https://www.benzinga.com/pressreleases/19/11/p14826716/top-global-teachers-share-new-strategies-to-move-closed-classrooms-to-borderless-vehicles-for-life
the asia-pacific’s education crisis,https://thediplomat.com/2019/11/the-asia-pacifics-education-crisis/
keep close watch on children to prevent sexual exploitation - dpm,http://www.bernama.com/en/general/news.php?id=1791588
reinvent school curriculum for $1 trillion digital economy: kiran mazumdar-shaw,https://www.newindianexpress.com/cities/bengaluru/2019/nov/19/reinvent-school-curriculum-for-1-trillion-digital-economy-kiran-mazumdar-shaw-2063831.html
global education interact - november 2019,https://in.bookmyshow.com/events/global-education-interact-november-2019/ET00117334
john gray: why the working class is deserting labour,https://www.dailymail.co.uk/news/article-7693435/JOHN-GRAY-working-class-deserting-Labour.html
the rise of omnichannel: critical benchmarks for ‘click-and-collect’ success,https://www.retailtouchpoints.com/features/executive-viewpoints/the-rise-of-omnichannel-critical-benchmarks-for-click-and-collect-success
coming soon a borderless u.s.,https://www.gbtribune.com/opinion/coming-soon-borderless-us/
7 of the best internet stocks to buy,https://www.nasdaq.com/articles/7-of-the-best-internet-stocks-to-buy-2019-11-07
sipho dlamini udochi muogilim & more to speak at the africa music business summit (ambs),https://www.olisa.tv/sipho-dlamini-udochi-muogilim-more-to-speak-at-the-africa-music-business-summit-ambs/
while labour pontificated against fascism conservatives went out and fought it,https://www.conservativewoman.co.uk/while-labour-pontificated-against-fascism-conservatives-went-out-and-fought-it/
2019-11-21,
https://www.bing.com/news/search?q=distance+education&qft=interval%3d"8"&form=PTFTNR
utkal university exempted from taking ugc nod to open distance courses,https://timesofindia.indiatimes.com/home/education/news/utkal-university-exempted-from-taking-ugc-nod-to-open-distance-courses/articleshow/72153883.cms
china distance education holdings limited 2019 q4 - results - earnings call presentation,https://seekingalpha.com/article/4308073-china-distance-education-holdings-limited-2019-q4-results-earnings-call-presentation
china distance education holdings ltd (dl) ceo zhengdong zhu on q4 2019 results - earnings call transcript,https://seekingalpha.com/article/4308022-china-distance-education-holdings-ltd-dl-ceo-zhengdong-zhu-q4-2019-results-earnings-call
china distance education holdings limited reports financial results for fourth quarter and fiscal year 2019,https://finance.yahoo.com/news/china-distance-education-holdings-limited-230000627.html
struggles and coping strategies of student mothers at the university of cape coast distance education ghana,https://www.scirp.org/html/12-6304645_96516.htm
should we do away with subsidies for higher education?,https://www.thehindu.com/opinion/op-ed/should-we-do-away-with-subsidies-for-higher-education/article30041719.ece
china distance: fiscal 4q earnings snapshot,https://finance.yahoo.com/news/china-distance-fiscal-4q-earnings-232113621.html
global corporate learning management system market expected to grow by 25% during the forecast period 2019-2025 - researchandmarkets.com,https://www.benzinga.com/pressreleases/19/11/b14847039/global-corporate-learning-management-system-market-expected-to-grow-by-25-during-the-forecast-peri
identification of 12 cancer types through genome deep learning,https://www.nature.com/articles/s41598-019-53989-3
15 sexy texts to send your long-distance partner to really turn them on,https://www.elitedaily.com/p/15-sexy-texts-to-send-your-long-distance-partner-to-really-turn-them-on-19350253
zte smart education to promote balanced education development,https://www.mobileworldlive.com/zte-updates-2019-20/zte-smart-education-to-promote-balanced-education-development/
ferroelectric ternary content-addressable memory for one-shot learning,https://www.nature.com/articles/s41928-019-0321-3
2019-11-21,
https://www.bing.com/news/search?q=distance+learning&qft=interval%3d"8"&form=PTFTNR
utkal university exempted from taking ugc nod to open distance courses,https://timesofindia.indiatimes.com/home/education/news/utkal-university-exempted-from-taking-ugc-nod-to-open-distance-courses/articleshow/72153883.cms
china distance education holdings ltd (dl) ceo zhengdong zhu on q4 2019 results - earnings call transcript,https://seekingalpha.com/article/4308022-china-distance-education-holdings-ltd-dl-ceo-zhengdong-zhu-q4-2019-results-earnings-call
china distance education holdings limited 2019 q4 - results - earnings call presentation,https://seekingalpha.com/article/4308073-china-distance-education-holdings-limited-2019-q4-results-earnings-call-presentation
china distance education holdings limited reports financial results for fourth quarter and fiscal year 2019,https://finance.yahoo.com/news/china-distance-education-holdings-limited-230000627.html
struggles and coping strategies of student mothers at the university of cape coast distance education ghana,https://www.scirp.org/html/12-6304645_96516.htm
china distance: fiscal 4q earnings snapshot,https://finance.yahoo.com/news/china-distance-fiscal-4q-earnings-232113621.html
should we do away with subsidies for higher education?,https://www.thehindu.com/opinion/op-ed/should-we-do-away-with-subsidies-for-higher-education/article30041719.ece
identification of 12 cancer types through genome deep learning,https://www.nature.com/articles/s41598-019-53989-3
global corporate learning management system market expected to grow by 25% during the forecast period 2019-2025 - researchandmarkets.com,https://www.benzinga.com/pressreleases/19/11/b14847039/global-corporate-learning-management-system-market-expected-to-grow-by-25-during-the-forecast-peri
15 sexy texts to send your long-distance partner to really turn them on,https://www.elitedaily.com/p/15-sexy-texts-to-send-your-long-distance-partner-to-really-turn-them-on-19350253
ferroelectric ternary content-addressable memory for one-shot learning,https://www.nature.com/articles/s41928-019-0321-3
tap: a static analysis model for php vulnerabilities based on token and deep learning technology,https://journals.plos.org/plosone/article?id=10.1371%2Fjournal.pone.0225196
2019-11-21,
https://www.bing.com/news/search?q=tertiary&qft=interval%3d"8"&form=PTFTNR
nick wright: carmelo anthony’s most difficult adjustment will be accepting a tertiary role with the trail blazers,https://www.foxsports.com/watch/first-things-first/video/1645332547609
reps ask fg to abolish payment of acceptance fees in tertiary institutions,https://www.vanguardngr.com/2019/11/reps-ask-fg-to-abolish-payment-of-acceptance-fees-in-tertiary-institutions/
tertiary amines market estimated to expand at a robust cagr of 5.6% by 2025 | grand view research inc.,https://www.benzinga.com/pressreleases/19/11/ab14826152/tertiary-amines-market-estimated-to-expand-at-a-robust-cagr-of-5-6-by-2025-grand-view-research-in
residents cry foul over stinky tertiary water,https://www.tribuneindia.com/news/chandigarh/residents-cry-foul-over-stinky-tertiary-water/863739.html
reps move to abolish payment of acceptance fees in tertiary institutions,https://newsverge.com/2019/11/20/reps-move-to-abolish-payment-of-acceptance-fees-in-tertiary-institutions/
reps want payment of acceptance fees in tertiary institutions abolished,https://www.ripplesnigeria.com/reps-want-payment-of-acceptance-fees-in-tertiary-institutions-abolished/
carolyn maloney elected first woman to lead house oversight panel,https://www.nytimes.com/2019/11/20/us/politics/carolyn-maloney-oversight-committee.html
reps order abolition of acceptance fees in nigeria’s tertiary institutions,https://guardian.ng/news/reps-order-abolition-of-acceptance-fees-in-nigerias-tertiary-institutions/
pharmacologic management of hcv treatment in patients with hcv monoinfection vs. hiv/hcv coinfection: does coinfection really matter?,https://journals.plos.org/plosone/article?id=10.1371%2Fjournal.pone.0225434
a catalytic one-two punch,https://science.sciencemag.org/content/366/6468/948.full
artificial intelligence for precision medicine in neurodevelopmental disorders,https://www.nature.com/articles/s41746-019-0191-0
house of reps call for abolishment of ‘acceptance fee’ into tertiary institutions,https://www.today.ng/news/nigeria/house-reps-call-abolishment-acceptance-fee-tertiary-institutions-264916
2019-11-21,
https://www.bing.com/news/search?q=postsecondary+education&qft=interval%3d"8"&form=PTFTNR
study suggests ai’s disruptive effect on jobs will hit higher on economic and education scales,https://www.msn.com/en-us/news/technology/study-suggests-ai-e2-80-99s-disruptive-effect-on-jobs-will-hit-higher-on-economic-and-education-scales/ar-BBX42yW
has great higher education reached middle america?,https://www.forbes.com/sites/richardvedder/2019/11/20/has-great-higher-education-reached-middle-america/
should we do away with subsidies for higher education?,https://www.thehindu.com/opinion/op-ed/should-we-do-away-with-subsidies-for-higher-education/article30041719.ece
supporting early educators in higher education: exploring both sides of the coin,https://www.newamerica.org/education-policy/edcentral/supporting-early-educators-higher-ed/
true value: a new model for measuring the value of postsecondary education by listening to americans,https://finance.yahoo.com/news/true-value-model-measuring-value-140000725.html
stronger together: cybint and cybergym launch higher education cyber centers of excellence grant program valued at over $5.6 million,https://finance.yahoo.com/news/stronger-together-cybint-cybergym-launch-130000782.html
higher education institutions address the danger of donor dollars,https://nationalinterest.org/blog/buzz/higher-education-institutions-address-danger-donor-dollars-96211
schools less important than parents in determining higher education aspirations,https://phys.org/news/2019-11-schools-important-parents-higher-aspirations.html
opinion: daca isn’t ‘the sweeping magic wand of access that higher education made it seem to be’,https://hechingerreport.org/opinion-why-deferred-action-was-never-enough-for-undocumented-student-access/
state higher education commissioner stresses education to create strong workforce,https://universitybusiness.com/state-higher-education-commissioner-stresses-education-to-create-strong-workforce/
higher education: version 2.0 of the u.s. dept. of education “college scorecard” database now live,https://www.infodocket.com/2019/11/20/higher-education-version-2-0-of-the-u-s-dept-of-education-college-scorecard-database-now-live/
2019-11-21,
https://www.bing.com/news/search?q=higher+education&qft=interval%3d"8"&form=PTFTNR
has great higher education reached middle america?,https://www.forbes.com/sites/richardvedder/2019/11/20/has-great-higher-education-reached-middle-america/
study suggests ai’s disruptive effect on jobs will hit higher on economic and education scales,https://www.msn.com/en-us/news/technology/study-suggests-ai-e2-80-99s-disruptive-effect-on-jobs-will-hit-higher-on-economic-and-education-scales/ar-BBX42yW
should we do away with subsidies for higher education?,https://www.thehindu.com/opinion/op-ed/should-we-do-away-with-subsidies-for-higher-education/article30041719.ece
higher education: version 2.0 of the u.s. dept. of education “college scorecard” database now live,https://www.infodocket.com/2019/11/20/higher-education-version-2-0-of-the-u-s-dept-of-education-college-scorecard-database-now-live/
higher education institutions address the danger of donor dollars,https://news.yahoo.com/higher-education-institutions-address-danger-014200927.html
stronger together: cybint and cybergym launch higher education cyber centers of excellence grant program valued at over $5.6 million,https://finance.yahoo.com/news/stronger-together-cybint-cybergym-launch-130000782.html
state higher education commissioner stresses education to create strong workforce,https://universitybusiness.com/state-higher-education-commissioner-stresses-education-to-create-strong-workforce/
opinion: daca isn’t ‘the sweeping magic wand of access that higher education made it seem to be’,https://hechingerreport.org/opinion-why-deferred-action-was-never-enough-for-undocumented-student-access/
schools less important than parents in determining higher education aspirations,https://phys.org/news/2019-11-schools-important-parents-higher-aspirations.html
why the detroit literacy case matters to higher education,https://diverseeducation.com/article/160482/
supporting early educators in higher education: exploring both sides of the coin,https://www.newamerica.org/education-policy/edcentral/supporting-early-educators-higher-ed/
2019-11-21,
https://www.bing.com/news/search?q=higher+ed&qft=interval%3d"8"&form=PTFTNR
study suggests ai’s disruptive effect on jobs will hit higher on economic and education scales,https://www.msn.com/en-us/news/technology/study-suggests-ais-disruptive-effect-on-jobs-will-hit-higher-on-economic-and-education-scales/ar-BBX42yW
when it comes to higher ed there's no debate about what today's students need,https://thehill.com/blogs/congress-blog/education/471176-when-it-comes-to-higher-ed-theres-no-debate-about-what-todays
has great higher education reached middle america?,https://www.forbes.com/sites/richardvedder/2019/11/20/has-great-higher-education-reached-middle-america/
should we do away with subsidies for higher education?,https://www.thehindu.com/opinion/op-ed/should-we-do-away-with-subsidies-for-higher-education/article30041719.ece
report: higher ed's regulatory 'triad' needs an overhaul,https://www.educationdive.com/news/report-higher-eds-regulatory-triad-needs-an-overhaul/567739/
supporting early educators in higher education: exploring both sides of the coin,https://www.newamerica.org/education-policy/edcentral/supporting-early-educators-higher-ed/
stronger together: cybint and cybergym launch higher education cyber centers of excellence grant program valued at over $5.6 million,https://finance.yahoo.com/news/stronger-together-cybint-cybergym-launch-130000782.html
schools less important than parents in determining higher education aspirations,https://phys.org/news/2019-11-schools-important-parents-higher-aspirations.html
opinion: daca isn’t ‘the sweeping magic wand of access that higher education made it seem to be’,https://hechingerreport.org/opinion-why-deferred-action-was-never-enough-for-undocumented-student-access/
higher education institutions address the danger of donor dollars,https://nationalinterest.org/blog/buzz/higher-education-institutions-address-danger-donor-dollars-96211
state higher education commissioner stresses education to create strong workforce,https://universitybusiness.com/state-higher-education-commissioner-stresses-education-to-create-strong-workforce/
bellevue university selects regent education to accelerate financial aid processing,https://finance.yahoo.com/news/bellevue-university-selects-regent-education-173800229.html
2019-11-21,
https://www.bing.com/news/search?q=higher+education+access&qft=interval%3d"8"&form=PTFTNR
should we do away with subsidies for higher education?,https://www.thehindu.com/opinion/op-ed/should-we-do-away-with-subsidies-for-higher-education/article30041719.ece
opinion: daca isn’t ‘the sweeping magic wand of access that higher education made it seem to be’,https://hechingerreport.org/opinion-why-deferred-action-was-never-enough-for-undocumented-student-access/
stronger together: cybint and cybergym launch higher education cyber centers of excellence grant program valued at over $5.6 million,https://finance.yahoo.com/news/stronger-together-cybint-cybergym-launch-130000782.html
higher education: version 2.0 of the u.s. dept. of education “college scorecard” database now live,https://www.infodocket.com/2019/11/20/higher-education-version-2-0-of-the-u-s-dept-of-education-college-scorecard-database-now-live/
state higher education commissioner stresses education to create strong workforce,https://universitybusiness.com/state-higher-education-commissioner-stresses-education-to-create-strong-workforce/
supporting early educators in higher education: exploring both sides of the coin,https://www.newamerica.org/education-policy/edcentral/supporting-early-educators-higher-ed/
opinion/commentary: families burdened by rising higher education costs,https://www.dailyprogress.com/opinion/opinion-commentary-families-burdened-by-rising-higher-education-costs/article_acebb3e4-9ef6-56ae-b6d6-8f3131d31b06.html
mcgraw-hill reports strong growth in digital sales and expansion of affordability- and outcomes-focused initiatives for higher education market,https://markets.businessinsider.com/news/stocks/mcgraw-hill-reports-strong-growth-in-digital-sales-and-expansion-of-affordability-and-outcomes-focused-initiatives-for-higher-education-market-1028700311
why the detroit literacy case matters to higher education,https://diverseeducation.com/article/160482/
'undoing a mistake': inside the push to bring college education back to prison,https://www.usatoday.com/story/news/education/2019/11/21/ken-burns-college-behind-bars-explores-inmates-access-pell-grants/4202246002/
bellevue university selects regent education to accelerate financial aid processing,https://finance.yahoo.com/news/bellevue-university-selects-regent-education-173800229.html
2019-11-21,
https://www.bing.com/news/search?q=education+tech&qft=interval%3d"8"&form=PTFTNR
ed tech can transform physical education classes too,https://hechingerreport.org/ed-tech-can-transform-physical-education-classes-too/
2019 wise prize for education presented to larry rosenstock founder of high tech high united states,https://finance.yahoo.com/news/2019-wise-prize-education-presented-125900485.html
hiring in tech: five tips for developing a successful apprenticeship program,https://www.forbes.com/sites/forbesbusinesscouncil/2019/11/21/hiring-in-tech-five-tips-for-developing-a-successful-apprenticeship-program/
a.i. use is still rising globally but most firms' tech isn't yet close to 'real' intelligence,https://www.msn.com/en-us/finance/markets/ai-use-is-still-rising-globally-but-most-firms-tech-isnt-yet-close-to-real-intelligence/ar-BBX6IOw
new bill requires tech schools to add human trafficking education to commercial drivers license courses,https://lacrossetribune.com/news/local/new-bill-requires-tech-schools-to-add-human-trafficking-education/article_da85dd9e-6fa7-5a20-94f2-4ddfbd6c8bb4.html
corporate stalwart sees way to make tech better,https://www.wsj.com/articles/corporate-stalwart-sees-way-to-make-tech-better-11574251202
city lawmakers demand answers from education dept. on delayed school bus gps tech,https://www.msn.com/en-us/news/us/city-lawmakers-demand-answers-from-education-dept-on-delayed-school-bus-gps-tech/ar-BBWYnuy
glidewell dental unveils dynamic education center for emerging techniques in dental technology,https://finance.yahoo.com/news/glidewell-dental-unveils-dynamic-education-140000401.html
st. john paul ii school arming students with latest technology to enhance learning,https://www.stamfordadvocate.com/middletown/article/St-John-Paul-II-School-arming-students-with-14852438.php
ncaa denies waiver appeal from michigan state’s joey hauser,https://www.timesunion.com/news/education/article/NCAA-denies-waiver-appeal-from-Michigan-State-s-14852853.php
tech & learning launches new site for higher education,https://www.techlearning.com/news/tech-and-learning-launches-new-site-for-higher-education
morton college pharmacy technician program spring 2020,https://patch.com/illinois/chicago/morton-college-pharmacy-technician-program-spring-2020
2019-11-21,
https://www.bing.com/news/search?q=money+supply&qft=interval%3d"8"&form=PTFTNR
shipping markets in 2020 and beyond: marine money review,https://seekingalpha.com/article/4308118-shipping-markets-2020-beyond-marine-money-review
optimize supply delivery mode to cut waste maximize storage save money,https://www.beckershospitalreview.com/supply-chain/optimize-supply-delivery-mode-to-cut-waste-maximize-storage-save-money.html
billionaires tip funds into ambitious australia to singapore solar supply project,https://www.msn.com/en-au/news/other/billionaires-tip-funds-into-ambitious-australia-to-singapore-solar-supply-project/ar-BBX27SE
this billionaire money manager bought 6 cannabis stocks in the third quarter,https://www.fool.com/investing/2019/11/20/this-billionaire-money-manager-bought-6-cannabis-s.aspx
ohio medicaid still “hemorrhaging” money to pharmacy middlemen expert testifies,https://www.dispatch.com/news/20191121/ohio-medicaid-still-ldquohemorrhagingrdquo-money-to-pharmacy-middlemen-expert-testifies
as oil prices drop and money dries up is the u.s. shale boom going bust?,https://www.npr.org/2019/11/20/780879474/as-oil-prices-drop-and-money-dries-up-is-the-u-s-shale-boom-going-bust
money stuff: aramco’s ipo is just for practice,https://www.bloomberg.com/opinion/newsletters/2019-11-18/money-stuff-aramco-s-ipo-is-just-for-practice
opinion roundup: lawmakers' money; trump and tillis; bishop's blabber; gop candidates chatter; and more,https://www.wral.com/opinion-roundup-lawmakers-money-trump-and-tillis-bishop-s-blabber-gop-candidates-chatter-and-more/18777504/
direct-to-consumer brands are minting money and eyeing global expansion with their average sales revenue expected to soar 85% by 2020,https://www.businessinsider.com/dtc-brands-are-chasing-profitability-over-market-share-says-iab-2019-11
here’s how much money mechanical engineers make in every state,https://www.forbes.com/sites/andrewdepietro/2019/11/19/mechanical-engineer-salary-state/
another ‘stupid money’ winter? phillies owner john middleton talks about an important offseason,https://www.nbcsports.com/philadelphia/phillies/john-middleton-interview-mlb-free-agency-mlb-owners-meetings-no-stupid-money-comment
state-awarded grant money to help tuscaloosa county,https://www.tuscaloosanews.com/news/20191120/state-awarded-grant-money-to-help-tuscaloosa-county
2019-11-21,
https://www.bing.com/news/search?q=innovative+classroom&qft=interval%3d"8"&form=PTFTNR
bcsf announces innovative and pride classroom grants,https://qctimes.com/community/bettendorf/bcsf-announces-innovative-and-pride-classroom-grants/article_b15f771f-6ad2-5252-888f-9d59d6da5543.html
calypso and south african banks initiate innovative localized classroom training model to mutualize costs and optimize benefits,https://www.bobsguide.com/guide/news/2019/Nov/20/calypso-and-south-african-banks-initiate-innovative-localized-classroom-training-model-to-mutualize-costs-and-optimize-benefits/
powhatan education foundation awards classroom grants,https://www.richmond.com/news/local/central-virginia/powhatan/powhatan-today/powhatan-education-foundation-awards-classroom-grants/article_2d8144ee-0bae-11ea-8d9d-7ff594bb05b4.html
st. john paul ii school arming students with latest technology to enhance learning,https://www.stamfordadvocate.com/middletown/article/St-John-Paul-II-School-arming-students-with-14852438.php
this tampa company's synthetic frog is changing high school biology,https://www.bizjournals.com/tampabay/news/2019/11/21/this-tampa-companys-synthetic-frog-is-changing.html
wa students go hands-on at utah stem fest,https://www.heraldextra.com/sanpete-county/news/wa-students-go-hands-on-at-utah-stem-fest/article_a1905f45-53d9-53cc-be98-22f4abdfd98d.html
groene: how lottery money benefits state’s schools,https://www.nptelegraph.com/opinion/todays_column/groene-how-lottery-money-benefits-state-s-schools/article_e1af92f6-0c15-11ea-935d-e7d0442bfb4a.html
kwikboost introduces innovative charging solution for today's digital learning environments,https://www.wfmz.com/subject/pdt/kwikboost-introduces-innovative-charging-solution-for-today-s-digital-learning/article_0568f2c9-abac-530f-9740-e648d7d9a314.html
how to organize class project groups to support our students’ future of work #wanderlustedu #fow,https://www.techlearning.com/how-to/how-to-organize-class-project-groups-to-support-our-students-future-of-work-wanderlustedu-fow
high schoolers embrace new cosmetology course at lealman innovation academy in st. petersburg,https://www.abcactionnews.com/news/region-pinellas/high-schoolers-embrace-new-cosmetology-course-at-lealman-innovation-academy-in-st-petersburg
the house looks to take its innovative study lounge to new york california and beyond,https://finance.yahoo.com/news/house-looks-innovative-study-lounge-133300860.html
educate a child launches strategy to get most-marginalized kids into school,https://www.devex.com/news/educate-a-child-launches-strategy-to-get-most-marginalized-kids-into-school-96069
2019-11-21,
https://www.bing.com/news/search?q=innovative+teaching&qft=interval%3d"8"&form=PTFTNR
feminism lowered teaching standards declares innovation blueprint,https://www.afr.com/politics/feminism-lowered-teaching-standards-declares-innovation-blueprint-20191121-p53cq4
university of stirling wins the uk’s highest academic honour,https://www.stir.ac.uk/news/2019/11/university-of-stirling-wins-the-uks-highest-academic-honour/
royal recognition for neuroscience research at the university of sheffield,https://www.eurekalert.org/pub_releases/2019-11/uos-rrf112119.php
hbr: breaking down the barriers to innovation,https://www.bizjournals.com/albany/news/2019/11/19/hbr-breaking-down-the-barriers-to-innovation.html
how to master 'tweaks twists and twinkles' - innovation paths from giles lury author of ‘iconic innovations’,https://yourstory.com/2019/11/innovation-giles-lury
for award-winning andrew petersen teaching computer science is all about the 'human element',https://www.utoronto.ca/news/award-winning-andrew-petersen-teaching-computer-science-all-about-human-element
this tampa company's synthetic frog is changing high school biology,https://www.bizjournals.com/tampabay/news/2019/11/21/this-tampa-companys-synthetic-frog-is-changing.html
us supreme court holds innovation in the balance in google v oracle,https://qz.com/1751975/in-google-v-oracle-scotus-holds-innovation-in-the-balance/
nokia names industrial automation startup haila winner of the 2019 nokia open innovation challenge,https://www.bakersfield.com/ap/news/nokia-names-industrial-automation-startup-haila-winner-of-the-nokia/article_6316d199-1da9-5adc-903f-c0befc2cc404.html
nokia oyj: nokia names industrial automation startup haila winner of the 2019 nokia open innovation challenge,https://www.finanznachrichten.de/nachrichten-2019-11/48243705-nokia-oyj-nokia-names-industrial-automation-startup-haila-winner-of-the-2019-nokia-open-innovation-challenge-399.htm
jamia millia islamia introducing four new departments ugc approves 28 teaching positions,https://www.hindustantimes.com/education/jamia-millia-islamia-introducing-four-new-departments-ugc-approves-28-teaching-positions/story-xX4J7tH4whBwd6FxHoutFL.html
project profile: engineering innovation hub suny new paltz,https://www.labmanager.com/lab-design-and-furnishings/2019/11/project-profile-engineering-innovation-hub-suny-new-paltz
2019-11-21,
https://www.bing.com/news/search?q=university&qft=interval%3d"8"&form=PTFTNR
university of delaware plans $38m fintech building as it looks 'to drive innovation',https://www.bizjournals.com/philadelphia/news/2019/11/21/university-of-delaware-plans-38m-fintech-building.html
indiana university professor eric rasmusen fires back: 'they'd lose in court',https://www.indystar.com/story/news/education/2019/11/21/indiana-university-professor-eric-rasmusen-defends-tweets/4259448002/
ohio state university president michael drake to retire from position in 2020,https://www.cleveland.com/news/2019/11/ohio-state-university-president-michael-drake-to-retire-from-position-in-2020.html
now-defunct globe university files for chapter 11 citing many millions owed,https://www.msn.com/en-us/news/us/now-defunct-globe-university-files-for-chapter-11-citing-many-millions-owed/ar-BBX8vA0
strauss victims ask ohio state board to not let them down again,https://www.dispatch.com/news/20191121/strauss-victims-ask-ohio-state-board-to-not-let-them-down-again
kutztown university's digalbo clements net psac awards,https://www.readingeagle.com/sports/article/kus-digalbo-clements-net-psac-awards
michael drake to step down as president of ohio state in 2020,https://www.bizjournals.com/columbus/news/2019/11/21/michael-drake-to-step-down-as-president-of-ohio.html
exclusive: trump weighs new trade investigation to justify tariffs on eu,https://www.msn.com/en-us/news/politics/exclusive-trump-weighs-new-trade-investigation-to-justify-tariffs-on-eu/ar-BBX8E0k
ohio state president michael v. drake to retire in 2020,https://www.cleveland.com/news/2019/11/ohio-state-president-michael-v-drake-to-retire-in-2020.html
tennessee vols football vs missouri: 5 things to know,https://www.knoxnews.com/story/sports/college/university-of-tennessee/football/2019/11/21/tennessee-vols-football-5-things-know-vs-missouri/4230537002/
university of hawaii football team finding solutions to their depth issues,https://www.staradvertiser.com/2019/11/21/sports/university-of-hawaii-football-team-finding-solutions-to-their-depth-issues/
poll shows support for impeachment has slipped in key swing state as trump leads 4 top dem rivals,https://www.usatoday.com/story/news/politics/elections/2019/11/20/marquette-poll-impeachment-donald-trump-democratic-race/4253386002/
2019-11-21,
https://www.bing.com/news/search?q=college&qft=interval%3d"8"&form=PTFTNR
the six pack: ohio state-penn state texas a&m-georgia among best week 13 college football picks,https://www.cbssports.com/college-football/news/the-six-pack-ohio-state-penn-state-texas-a-m-georgia-among-best-week-13-college-football-picks/
smu vs. navy odds spread: 2019 college football picks predictions from proven computer,https://www.msn.com/en-us/sports/ncaafb/smu-vs-navy-odds-spread-2019-college-football-picks-predictions-from-proven-computer/ar-BBX8uTc
college football week 13 picks: conference races on the line,https://www.si.com/college/2019/11/21/college-football-week-13-schedule-predictions
college football playoff: the committee's biggest debates about alabama oregon and others,https://www.espn.com/college-football/story/_/page/gamedaykickoff191121/college-football-playoff-committee-biggest-debates-alabama-oregon-others
‘don’t feel bad for us’: confessions of college football’s designated losers,https://www.washingtonpost.com/sports/colleges/sec-football-schedule-fcs-opponents/2019/11/21/115e8b8c-0c76-11ea-97ac-a7ccc8dd1ebc_story.html
college football mailbag: kerry miller answers your questions from the b/r app,https://bleacherreport.com/articles/2863483-college-football-mailbag-kerry-miller-answers-your-questions-from-the-br-app
college football: most surprising players of the 2019 season so far,https://bleacherreport.com/articles/2863333-college-football-most-surprising-players-of-the-2019-season-so-far
college basketball best bets: irish won't need luck to cover,https://www.si.com/gambling/2019/11/21/college-basketball-best-bets-notre-dame-tulane-youngstown-state
where is ‘college gameday’ this week? location schedule guest picker for week 13 on espn,https://www.sportingnews.com/us/ncaa-football/news/college-gameday-location-schedule-guest-picker-week-13/kw49veqccph16opomhp2pbae
re-ranking the top 10 from college football's 2018 recruiting class,https://www.espn.com/college-football/insider/story/_/id/28129327/re-ranking-top-10-college-football-2018-recruiting-class
college football podcast: a low-key rankings discussion and ohio state-penn state talk,https://www.orlandosentinel.com/sports/college-gridiron-365/os-sp-s6-gridiron-podcast-129-20191121-kddlgs6f5zcqplbr3gq7g4ukyy-story.html
what if nfl postseason rankings were determined by the college football playoff?,https://www.thebiglead.com/posts/what-if-nfl-postseason-rankings-were-determined-by-the-college-football-playoff-01dt506qezaz
2019-11-21,
https://www.bing.com/news/search?q=free+university&qft=interval%3d"8"&form=PTFTNR
university of florida student explains impeachment of school president after donald trump jr.’s $50000 visit,https://www.marketwatch.com/story/university-of-florida-student-explains-impeachment-of-school-president-after-donald-trump-jrs-50000-visit-2019-11-21?mod=mw_latestnews
a free college tradeoff — what should the 2020 candidates promise?,https://thehill.com/opinion/education/471499-a-free-college-tradeoff-what-should-the-2020-candidates-promise
ny state assemblyman calls to protect free speech at binghamton university,https://www.jpost.com/Diaspora/Antisemitism/NY-State-assemblyman-calls-to-protect-free-speech-at-Binghamton-University-608234
read the demands made by syracuse university students protesting racist incidents campus culture,https://www.syracuse.com/syracuse-university/2019/11/read-the-demands-made-by-syracuse-university-students-protesting-racist-incidents-campus-culture.html
michigan football basketball live chat with orion sang right now,https://www.msn.com/en-us/sports/ncaafb/michigan-chat-recap-is-basketball-underrated-plus-how-football-avoids-indiana-letdown/ar-BBX4eBt
carnegie mellon university and elsevier reach transformative deal,https://www.tmcnet.com/usubmit/-carnegie-mellon-university-elsevier-reach-transformative-deal-/2019/11/21/9058364.htm
hong kong: protesters defy lam's surrender warning as authorities struggle to free university campus,https://www.wionews.com/world/hong-kong-protesters-defy-lams-surrender-warning-as-authorities-struggle-to-free-university-campus-263094
the first amendment and government property: free speech rules (episode 8),https://reason.com/video/the-first-amendment-and-government-property-free-speech-rules-episode-8/
how michigan football's ronnie bell's work as a 'grinder' paid off,https://www.msn.com/en-us/sports/nfl/how-michigan-footballs-ronnie-bells-work-as-a-grinder-paid-off/ar-BBX6mlI
scholarship program enables free 4-year tuition to west chester university,https://www.dailylocal.com/news/local/scholarship-program-enables-free--year-tuition-to-west-chester/article_0a6fecaa-0ba2-11ea-809f-9710d31c58f6.html
watch 'great american smokeout' held as uk celebrates 10 years tobacco-free,https://www.wkyt.com/video?vid=565283182
'great american smokeout' held as uk celebrates 10 years tobacco-free,https://www.wkyt.com/content/news/Great-American-Smokeout-held-as-UK-celebrates-10-years-tobacco-free-565281082.html
2019-11-21,
https://www.bing.com/news/search?q=free+college&qft=interval%3d"8"&form=PTFTNR
a free college tradeoff — what should the 2020 candidates promise?,https://thehill.com/opinion/education/471499-a-free-college-tradeoff-what-should-the-2020-candidates-promise
pete buttigieg is worried that free public college would benefit billionaires,http://nymag.com/intelligencer/2019/11/buttigiegs-critique-of-free-college-doesnt-make-the-grade.html
free college tuition won't help if it doesn't produce graduates,http://www.startribune.com/free-college-tuition-won-t-help-if-it-doesn-t-produce-graduates/565283722/
letters to the editor: how free tuition can improve college graduation rates,https://www.latimes.com/opinion/story/2019-11-19/free-tuition-dropouts
moderate democrats should stop pretending that free college is a giveaway to rich kids,https://slate.com/business/2019/11/free-college-is-for-rich-kids-cut-it-out-moderate-dems.html
buttigieg: free public college tuition will expand opportunity to more americans,https://www.sacbee.com/opinion/article237444779.html
texas vs. georgetown odds: 2019 college basketball picks predictions for nov. 21 from proven model,https://www.msn.com/en-us/sports/ncaafb/texas-vs-georgetown-odds-2019-college-basketball-picks-predictions-for-nov-21-from-proven-model/ar-BBX8vQT
women's college basketball power rankings: no. 1 oregon leads five pac-12 teams in top 25,https://www.cbssports.com/college-basketball/news/womens-college-basketball-power-rankings-no-1-oregon-leads-five-pac-12-teams-in-top-25/
find out which college graduates earn or owe the most,https://www.al.com/education/2019/11/find-out-which-college-graduates-earn-or-owe-the-most.html
can storied williams college be saved from itself?,https://www.forbes.com/sites/michaelpoliakoff/2019/11/21/can-storied-williams-college-be-saved-from-itself/
college basketball best bets: irish won't need luck to cover,https://www.si.com/gambling/2019/11/21/college-basketball-best-bets-notre-dame-tulane-youngstown-state
lacson signals budget realignments to fund uhc national id free college,https://www.bworldonline.com/lacson-signals-budget-realignments-to-fund-uhc-national-id-free-college/
2019-11-21,
https://www.bing.com/news/search?q=international&qft=interval%3d"8"&form=PTFTNR
las vegas’ mccarran international airport shooting injures ‘suspect’ police say,https://www.foxnews.com/us/las-vegas-mccarran-international-airport-shooting-injures-suspect-police-say
amnesty international report says surveillance by facebook google poses human rights threat,https://www.newsweek.com/amnesty-international-report-says-surveillance-facebook-google-poses-human-rights-threat-1473290
alabama’s universities will pay if international student work program is eliminated,https://www.al.com/opinion/2019/11/alabamas-universities-will-pay-if-international-student-work-program-is-eliminated.html
amnesty international claims google and facebook threaten human rights in a new report,https://www.inc.com/business-insider/amnesty-international-google-facebook-human-rights.html?icid=hmpopface1
hub airline considering adding more than 1000 jobs at denver international airport,https://www.bizjournals.com/denver/news/2019/11/21/airline-hub-1000-jobs-dia.html
these 10 nonstop international routes from dulles don’t exist but maybe they should?,https://www.bizjournals.com/washington/news/2019/11/21/these-10-nonstop-international-routes-from-dulles.html
amnesty international: facebook google surveillance an 'assault on privacy',https://www.msn.com/en-us/news/politics/amnesty-international-facebook-google-surveillance-an-assault-on-privacy/ar-BBX84cT
amnesty international calls facebook google rights abusers,https://abcnews.go.com/Technology/wireStory/amnesty-international-calls-facebook-google-rights-abusers-67181126
hard rock international names donna marchese regional director of global sales - americas,https://finance.yahoo.com/news/hard-rock-international-names-donna-150300582.html
amnesty international: facebook and google are a threat to human rights,https://www.msn.com/en-gb/news/world/amnesty-international-facebook-and-google-are-a-threat-to-human-rights/ar-BBX6XLN
ashmore fund tripled down then international trouble tripped it up,https://www.wsj.com/articles/ashmore-fund-tripled-down-then-international-trouble-tripped-it-up-11574347359
amnesty international latest to slam surveillance giants facebook and google as ‘incompatible’ with human rights,https://techcrunch.com/2019/11/21/amnesty-international-latest-to-slam-surveillance-giants-facebook-and-google-as-incompatible-with-human-rights/
